,0,1,2,3,4,5,6,7,8,9,10,11,12,13,14,15,16,17,18,19,20,21,22,23,24,25,26,27
Lavani,1.58313622645534,3.742376391413824,-1.4063064716908371,-0.9653364405684028,1.692500516459003,-0.6282638673155089,1.934912326950657,2.6914241200409696,0.4279651967846243,-0.15599221411075395,-0.30302290617351196,0.5490052998457213,0.32734110777993386,0.9360157289927176,-0.3971763485090365,-0.34864902463189784,0.15820505416445707,0.37130628432885554,1.2522591324442474,-0.6084452230809823,0.7214201106266481,1.4075087135592586,-0.7401454125076596,0.6743114733119262,-0.5137015668497926,-0.08900918326725338,-1.0682888086892282,0.9646389459119458
MichaelJackson,7.684953674382409,2.8303432568941096,1.1396620960361539,0.48874059520135865,-0.12153649934462554,0.2500524304787978,1.5936650692362835,1.6045248377760148,0.7571784710252876,-0.7031985374669123,-1.3317005745418053,0.5250942553051399,0.6125606638836862,1.3341506751375025,0.5440327637493204,-1.2952522026498856,-0.10179000479984035,2.1887910612923354,-1.6166803804699603,-1.3612989840627343,-0.6021834778427921,0.7821795216682084,0.905487914031874,0.7674915121548058,0.7573643710390539,-0.6350650722416128,0.6586559537857728,-0.9378418392418123
KishoreKumar,-1.6989459175273964,7.089917099569046,-0.8462268799584006,0.3818288841375972,0.3564984862855678,0.7950378482057192,0.5709790167742159,-0.08555024415932441,-0.39689193736415074,-0.3439330168023255,0.5724247943715502,1.9052045782018148,-1.6005157628512094,1.9507660654510872,-0.058624550689976386,-0.16811802050076852,-1.6715821194391476,0.14807529017354054,-0.5848359578643286,0.0027724755076973862,0.31757372225584063,-1.353964626415148,0.038195124268598515,-0.7408399232227029,0.40889596215865226,-0.13611751812180933,1.4123167298626158,-0.06578171168641997
NationalAnthem,-3.8635176782774594,5.934021068165784,5.786588197742303,1.1098570560370489,1.4329753158560912,-0.8250576459252587,-2.151544452384537,-1.2073838870830433,-0.5268970788095048,1.5497128585583384,2.4395826967554473,1.0080148608348538,0.473762343921307,1.2255546220295992,-1.6309716717033458,1.2301511273771844,0.848032433342377,0.7171305351978209,-0.36908981350824344,0.03204964566619552,-2.30724106523954,0.8333773575947886,-0.2318587580385972,-0.1853108109506473,0.9779234502851187,1.5758189951749635,0.7944877751180376,-0.3284377484999166
BhavGeet,-3.499105678739154,1.7471881533700209,-1.3372114507310093,0.44465282559572267,0.9263691591733418,2.0217317609822696,1.2081812364869047,-2.503788935621199,1.8332226547828312,-0.3805140253434592,-0.8874950389881976,0.6615820742799752,-0.3730322043705422,-1.1097291805679865,-0.5545117582148074,-1.6520851846132942,1.2754704311213974,0.412463405228219,0.7743708100976533,2.296316429890278,0.37623389353738285,-0.23021516683236676,-0.13698781050257408,-1.7780462250096136,2.160829992120378,1.6392293373893438,0.7570864263795455,0.7480907782262478
AshaBhosle,-3.749411651849742,2.3950945709428,-1.3811217398285143,-2.491037255617136,-0.015210640064174785,-0.6744095633855545,-0.5016190496643355,-0.07263131464085919,-1.274071200949447,-1.8360704963580383,-1.073299393949124,0.9575476929290923,0.33094601249803224,1.7887251041455452,0.4108911794962649,1.2290982934272627,-0.015712492392826478,-2.1656154056725847,-1.5919136059518617,0.6783388163779235,-0.7061827191708062,-0.0177585712431196,2.472580398862931,-0.16817188146230483,-1.3850826530171316,-1.0184621973102972,-0.254249571168809,-0.23190649494094695
AshaBhosle,-7.717722089614958,-1.033877471005429,-2.049933461256472,-2.7878564166590234,1.115794807538466,-1.8454559913040236,-5.009873415170148,-2.224761806592802,-1.3763016504029697,-2.0751227105362404,-0.5195711620669317,-0.7911925827491615,-0.959198433540086,-0.23203179572607055,0.8893588164643146,-1.6233974740684651,-0.16611596871987208,-1.8659815657858916,-2.611381084069784,0.7372859103298843,1.0719573611428577,1.0835917618640367,-0.5551523751051981,0.4230333529950534,1.1500783026189862,1.3715058747194229,-0.15139473111266533,-1.637288148113023
MichaelJackson,-1.7409250892857153,3.3408714567535336,1.385220331360372,-0.6918699640212783,0.3345047182213261,-1.179581508496164,0.8832802268626229,2.464662046733145,0.4699940998128992,2.351270537247051,-1.1007090803965547,-4.44296713634358,0.9161932476723531,0.22330565885587592,-0.15286998122509807,0.9519884263164667,0.7776884245091502,0.06501664095612278,-0.42816119812492875,-0.37672036340314197,1.1004267985731668,-0.09334728876400741,0.9829286746100093,-1.2228988678522,0.5444425524455899,-1.2499380114795324,0.7154367378448211,-0.4591291214039082
MichaelJackson,-2.1447514240930876,0.20811712635508486,2.05739344044606,-2.130118319825756,-2.1607025281318806,-2.974440671480154,0.9144550284334902,-0.8329827651611056,2.1056466187590392,-0.07105680249406551,1.370455530664403,-1.9286758346284123,0.5584362212650763,0.8225779079485374,-0.6668724426956323,1.1892853168367075,-0.514948487368996,-0.7723065177795829,0.9252270455116682,-0.14663439252736424,-0.14830900913105868,1.1755409942215047,-0.018276837467870802,0.5367917181197099,0.19482520550676605,0.18811678334589438,-1.5267742225367646,-1.1692881851047465
BhavGeet,-2.113680570001176,3.3649223696907353,-1.7393562815067165,-1.2655697995324444,2.7058168570072643,-0.598318870206218,-0.032908520389582696,2.7979588981743824,2.02465554895159,1.252204205506316,-2.776024577167516,-1.976883975838449,-0.7481318196924415,-0.001310366076114618,-2.8109500595907893,-2.051837492779575,0.424258584980879,1.4422984753202064,-0.6178656166889082,0.7351466006059362,-1.7690651035756826,0.45108957192680277,-0.6332548284029954,-0.10129966000367996,-1.5029215466660883,0.025209224516198666,0.6120941171935237,0.824610796100264
NationalAnthem,-14.884150288673002,5.3512628476511965,-0.7091343725021956,0.015345329475714615,0.22806668416077913,1.9336109456211426,1.2299094457665853,1.8961856886282984,-1.7650372622520836,1.8427026241031796,-1.0530909768284427,-1.1598932000523543,0.3487977459450381,-0.379637908072707,0.7393713057426212,0.17296578763685957,-1.5537543131570264,-1.1356867150708512,1.0226933139691516,-1.2576125744386342,0.25140230735746855,0.46633048910188746,-0.2973923125659756,1.1040681727076929,-0.4367804300873467,-0.5347534964840746,0.003283891206242326,0.015104380400197636
NationalAnthem,-6.166547927797232,0.7484853345629477,-0.22204975791313694,2.5861470016143078,0.2531133909346933,4.512267376613656,-1.1239366658494183,-6.185096116532729,1.8791956058598518,0.9453421394901904,-1.0498938423708717,0.9430716713155431,0.05356638206231958,-0.7527357880446646,-0.5729253690740893,-1.159837807549692,2.923144097310997,-1.083096725096621,0.8401925511934291,0.5182864518673849,0.7491565525692099,0.196384240513339,-0.6140168219454308,0.7443344324812192,-0.31435235600291017,-1.1035320075597863,-0.8887694588720889,1.735395507919524
BhavGeet,8.056291136555807,-4.671924112365709,-5.665784178000303,0.8057188682537761,-0.5238711805862583,1.2638158176161038,-0.15551118279938297,0.08818663796308071,-1.2373902512305668,0.01569414185803178,1.1340384196932511,-2.111054154646743,-1.3064635196590475,0.2424671356592098,-0.26312806194537763,-1.5635368620824133,-0.24208771686292663,1.851719998849249,-0.01792224133702107,0.2931989180698395,-1.1031743877079836,0.6421621248246273,1.0860808461160207,0.5834932644852543,-0.24488043657670347,-0.775557753035782,-1.092723960635656,-0.7689981650157229
BhavGeet,-0.5282835632063324,-6.640293933545843,-3.447157877517383,-0.4350001605556192,-2.1325623229872486,0.31155639596611734,-3.3696059330812123,1.6133972209461391,-1.201287878587912,1.281202958884204,0.13846008756651232,0.2165695020706343,-0.5433971211570912,0.9765718944012481,-2.3620920599600743,-2.032703495960487,1.0609561931381295,-0.84240312641404,1.07967940617814,-0.6531627955035061,0.6347530148626656,1.0997103084744249,0.1944876963294015,0.10447336748310969,1.3928261497729744,0.3928749013147255,0.9013569084886359,-0.24518376812527207
KishoreKumar,-2.0850762588999463,-9.070576823262225,3.5069424213031186,-0.9865303383640694,2.4546806916056183,1.226633546825026,-0.004605180286156574,3.3867480882903997,-1.0163261418197198,-1.4525265774770701,0.5632933462086097,1.0234443204193737,0.7682524053142409,-0.9358531247315843,0.19204532333785782,0.5820879655882819,0.5194684701936702,0.3146162311835531,0.43391474278567915,2.1680465629026355,-0.12883727377867862,-0.48634055089807393,1.0361097758255287,0.6795032842007559,0.7091415393941467,-0.586224127712918,0.46132780626481057,-0.1887913026948139
NationalAnthem,-0.80650890719822,-5.58598615999906,4.555994950467486,1.0937288108359502,-1.741734059597193,0.5706244479858079,-4.053412560511271,2.1552948854216036,-0.3013466435989552,-0.39338972220628643,4.628019889842824,0.5225958355314164,2.1485642351569294,0.07573543598960007,-0.68531489595015,-0.7905210542743013,0.42812564512675183,0.48411491253723016,0.8504088756379447,-0.6411427710286902,-1.3212179414982002,2.26796355338693,1.186636484927392,-1.762250710840278,-1.7434158236962396,0.7196143499160275,0.041025144405092626,0.3503631681825751
NationalAnthem,1.4020627928550289,1.4290555131454314,0.19544500339785018,-0.7984578752602934,-0.9319082971186078,-4.0717871893476785,0.7198424604317648,-0.3614602338328592,-2.1030264208167537,0.5208716902770002,-5.437784365496572,3.522877963633106,5.774075953837316,-0.8450224145270685,-0.8457962906034776,-1.1886971211131796,2.4204556157403236,-0.23131630731621433,0.6226277829611876,2.1127451182723616,-0.8887647329986857,0.7051172283785532,-0.3000537946277116,0.6464649645653254,0.02397278465156957,-0.2127101441538216,0.23292096705013168,-1.0427312635891275
KishoreKumar,3.7160854828560987,1.909139178911261,-0.5305964682430908,0.1323214774031642,1.6712628339205682,1.7515413423695072,-2.981867741989995,-2.1743117029266963,1.9262800851324278,-1.858163097860578,0.5687746925320218,-0.7456324231953868,1.000252894017071,-0.7524293425787435,0.67944547025423,-0.32463721301095444,0.4485743672222825,-0.531097293816882,-0.7752418056362476,-0.041762011716406956,-1.8996427377283158,-0.2276629297630347,-1.1939123254219235,1.1023776600205015,0.33698909487755646,-1.0323184733873003,-0.5390701936198783,-0.28814262604731383
MichaelJackson,-2.375524777735565,-1.6896304016330246,3.8243063395546946,0.5896298529533421,-2.354150079324701,1.8302591937353094,-1.5321940127797042,0.9995159232794533,1.4252391198856824,0.29747732390480436,0.654754035461887,-0.509853114963989,1.4231929766271485,0.789628529627018,2.190570403568725,-0.412478662904153,-0.8577125473289382,0.1505005091067297,-0.25044400470486805,0.44296192679276875,0.6834518359584928,1.8225152145772017,0.16104966252538416,0.7677703042192836,0.18350525565365372,-1.0738354060312265,0.7683996146315385,0.3663873863417442
NationalAnthem,-0.5429714814129801,-3.9006272951466596,3.9965770194167423,-0.8604125016949515,3.5359907598111047,0.02047846957456602,0.5071063861613773,-0.9336744750095123,-2.794386896618228,-0.37259753370156107,0.02970802631889486,-2.019466373536144,-1.1994102277482526,-0.9868612585493238,-0.9930645757819283,-0.21533145307277815,-0.21002336806389962,-1.2634949756431566,1.1114232886681037,-0.4804082200696066,0.687740710260038,-0.43380343199423604,-2.1423444157514138,0.31205209978966225,1.0111171898176239,0.38658547043233266,-0.1998801341962319,-0.842757334489907
KishoreKumar,3.842085189169752,3.734097386774834,-0.9264481713796848,0.44957183535166506,2.1902389113152645,0.1976334451219401,-1.4451366568056825,-0.6874236012121331,0.7184256910227709,-1.180984681642205,0.2259319969104327,0.5545123434091122,0.2898569745409892,-1.4640782107098913,0.2373421342269523,0.8374600073978616,0.4935468996272174,1.2155956039710505,0.672228342665201,-0.23244285807747936,-0.26448578808253653,0.19884829233196583,0.74522524009697,-0.2976815177284213,-0.11696928101649516,1.2447723623275826,0.050143019088317226,1.0887854552314131
MichaelJackson,3.6023736986385373,-3.102072873463092,1.8995427583497253,-1.26660683211789,-3.231414188629441,-0.30892293661748943,0.07526707333781844,1.1244863224169324,-0.6855953765590829,-2.3829522389324462,-1.4960973383523868,-0.3406979962519467,0.6064837767135196,0.6732499214529737,2.0667459541018007,-0.24900872109769187,0.4393490569734663,-1.460629110693213,0.4062865302131873,-0.43636884606231524,0.11298722284814565,-0.7483087839686684,-0.29947631538967345,-0.817845225351601,-1.2965249640602714,-0.06203405484830453,0.5996513217154171,-0.23970989467291648
NationalAnthem,-6.047544052566354,6.630460043780153,3.4419038336476393,-0.03729226083394352,1.3544514724778451,-0.2179877538226518,-0.6440889818981077,1.7063247113833306,-2.34780057065471,0.11492824089787489,1.4388184836060673,2.193691172752577,0.036324006255116205,2.4283899821840538,0.8820575093559971,2.2893972521465322,0.010063172591696997,0.6864323954715725,-0.49701995624780365,1.9104464941637178,0.11562120214659681,-0.31987523019418906,0.1951815551154186,0.9157692146191941,2.8279820411534398,-0.40586556862611933,-0.41664354520288016,-0.4156682796919762
BhavGeet,-0.8905367788979305,-0.7490666879641532,-1.1001610123407106,0.1345688106149309,-0.3644326420212683,2.3123584808380357,0.32149786890690946,-0.9517459272046898,1.1154922786494228,0.24560819740726883,1.1502574156981384,2.793111729762057,0.664967077727013,-1.2652068726169814,-0.8682540176834312,0.3494011684977542,0.3908407488120398,0.09221448637398046,0.9202516660794013,-1.7801894120427966,0.7804627204143151,-0.5989872163163252,0.7671150849371149,-0.7120147849150654,-0.58971073100668,0.452738063095603,0.40822401049382817,-0.7780703005540394
BhavGeet,0.15428551067515664,-2.315778973580094,-0.7479065045123747,2.324925962637507,-0.049107542398091134,0.8732950459889107,4.233261213609294,-1.883266478658059,1.5209808340786228,2.3509830723440754,0.7039217868906714,0.9766838164559046,0.16227132670046018,-0.39628205565776253,0.32445425859799165,-0.6043567280352863,0.8601934647860429,0.31870631572429636,1.432696820618237,0.6052593548149785,2.7066185689874063,-1.5210571234318093,0.6959143997287784,-0.08961912583751501,-1.1219899135684586,1.0632417734796988,0.3414511247544516,0.07109368435207707
MichaelJackson,0.9823578673276044,2.757548635753806,1.8050308255743612,0.6720417655075034,0.2894269035901563,-2.68461214835927,0.3373085913954919,0.013530271502191193,2.611116267476646,0.6780528755649358,-1.4446049371567131,-2.1575892558464083,-0.28539688698668214,1.1387266186183915,0.3985733737641245,-0.4493909345059965,-1.0072600327088235,-0.7030574771149118,1.1322287254425918,0.6572329085788219,-0.8656813936874505,0.050970683843794266,0.4671056310456591,0.7424011569681357,-0.04423146790383617,0.027925417836414758,-0.7115814192702514,0.4199768675794546
Lavani,7.909144352782533,1.1927744924953336,-4.536426386141378,0.509320939351604,0.9574591779302207,-0.2617906243370826,0.6325355137167044,-0.3086900479377167,0.14002828037082005,0.6023325244137021,0.2277476321820344,1.2336154037232445,-0.8081303439951747,0.14948288721755448,0.6486634024444888,-0.7990212039124966,-0.4172546935395943,-1.1236356130038156,-0.2883228625839721,-0.5054763899870681,-0.25999332007094184,-0.05385292182753556,0.7193027188116724,-0.31030762828382713,1.28456926759862,-0.453029538944339,-0.6176254118845556,0.683093619017076
BhavGeet,5.45839249530576,2.2104962253006497,-0.8104623835291571,1.1753380186808735,0.7429226005391498,-0.015146311897560214,-0.3697957418771265,0.7781466914640177,1.5119466593041135,-0.09340605523737633,0.029032746366309894,-0.05229160808049225,-0.10429633011699621,-1.0653850999372232,-0.6982677738449401,0.1060960972693229,0.1926508172070621,-0.11352420503098631,0.7120838263890891,1.1497990296841816,-1.3874253641025822,1.8224937785552637,-1.5622678965355339,-0.14142268846221476,0.4744716839721828,-0.36725706970171684,-0.07883136730936986,0.1442238777062634
KishoreKumar,1.2224218906247668,0.960385882055681,-0.6251061054900343,-0.8224999329966742,1.8996961897460825,-0.42787115861380454,1.0844625586955203,-0.3454834252366282,1.3136174458403997,0.3100236542841843,0.7617849880781665,1.52497418138124,0.06445510022387692,-0.6459672456016741,-0.7859357703278452,0.9379139809305483,0.7103261330079064,1.1268997321673944,-0.6661907133241782,-1.3157799554865361,-0.08807377751195737,0.7857365907691671,-1.206711486389833,0.19248305447231237,-0.08532004651885416,-0.9040593443358824,0.7542806730951473,0.32490757464694947
KishoreKumar,1.989153470131461,0.6531855603904861,-0.7811365227137071,-1.8975661781669182,2.239366378219819,-0.3306862053714607,0.942527427009406,0.8074386896159583,1.883128058729824,-1.300962850577338,-0.017210225927806716,-1.8613941754920342,0.19404923480534594,-0.3447799928934356,0.20943791930352673,-0.7719208013385033,0.04147941121830025,-0.11756862884275213,1.1115700385702456,-0.5712251537302394,0.12730945794511508,0.7738304112642824,0.07997377299667313,0.32896095877086606,-1.0956977443724252,-0.5411974809379838,1.062229497062071,-0.4459521157685035
NationalAnthem,2.2854582962089727,-4.59777522514056,7.635021194151451,1.0298670548610456,1.0476329310115866,-3.15147759235452,0.4536126662467474,-1.1614672674297237,2.274550246941104,1.9663929170206602,2.4217621589427747,-0.026437193439868528,-2.28197845463169,-0.6060091579701956,-0.38155869027620143,0.4880958749239467,0.520509452104115,-1.7088928965537,0.8154105266281348,2.295545986166589,0.25187281977053594,-0.06439823633511176,2.6468346117608705,0.09242427348035698,-0.3882683334009357,-0.08382963759852238,0.6533071020254392,-1.036041414897279
KishoreKumar,4.6821148998105,-1.2548342344725905,3.641468430395901,2.645063773707477,4.615386622811484,1.327519116271027,-1.8519795052541559,3.308953120134457,-3.4796968531929267,0.6489757581474966,0.3604817117533843,-1.5758136298543333,1.426459663022023,-4.338323238792175,0.5129253960289168,-0.3462688654499512,1.5941540992837222,-0.951555656312556,1.8912246541165318,-1.4798415682113424,-2.7670535051688834,-1.4987720654936607,0.5972914290731459,-0.14168888926967668,0.9669025927460655,1.029013213692643,0.19805213459849727,-0.8874892237742322
NationalAnthem,6.406945016688735,2.711859200111458,-0.963718162355685,0.0045825006389796225,-6.391030080975973,-3.120636613979617,-0.5534930484609477,0.34819674529137645,-1.9979221217802388,-2.2300384762405927,-0.8806893850393631,-0.08328927569652135,0.09818289334422442,-1.1991897398530442,-0.5684937385161267,1.2810612659667908,0.98465534088573,-1.0842005700732493,-0.32067059530315245,1.4879194921110168,-0.1884644242225956,-0.5161225998627716,-1.8214612422579308,-1.0481544648314083,-0.9756915682562238,1.6122956599134897,0.4622794706983983,-0.29678840655291555
AshaBhosle,7.448804370665931,-1.9417129486430271,-1.7752117204083804,0.7533332523175982,1.161673596268074,-2.821500377446332,-1.714061305025756,-1.138618467437569,-0.44032650473195467,2.1978901167035088,0.006741556834538842,0.6328788591341601,1.5463207708856002,-0.08360269005789173,1.261126755697305,1.7134591080982937,-0.7872595430432264,-0.2899166089632666,-0.7323946399956175,-0.5345943954637756,1.3849065406128453,-0.3450319321858209,0.0059740557864405375,-0.0029446696218777095,-0.6840887602737462,0.6694527823765613,-0.32573269846427627,-0.026121122000773142
AshaBhosle,-2.932075797307551,6.158614647866165,-1.2473206905366272,-1.2380731920282024,0.29127524251425996,-0.5360702038628299,0.17070162778225,1.0047686794014083,-1.0459556142890765,-1.3827359375233736,-1.3421441819821955,0.06739366090174458,-0.557503066677336,-0.5280079093136371,-0.05514875677550532,0.44973947936992975,-1.4926468158588198,0.2778847572759966,0.6218795661314582,0.6753912469681197,-1.1666781323877804,-0.40227575530960996,0.8440161653636647,0.20795250706771057,-1.5964533624183477,0.7687857914190082,0.4913151068495057,0.5897758135006118
MichaelJackson,6.854259231446571,-1.6449322887992024,4.662811929008022,-0.20792175886758654,-1.1524071844827593,-0.39412945980706365,1.0535770512973668,-0.6133670784920654,1.3070261145027788,-2.616683511566109,-1.8238770184264774,-0.16906116630677467,-0.8496289059999922,0.3751951203115547,0.6932045428967936,-0.8848231924156882,0.403053699599308,0.7973073553783934,-0.607839735356124,-0.7599371980768065,0.004376485361339128,-0.3411290210677933,-0.7745597213314164,0.11839796678684429,0.6823997785377913,-0.1295518687483647,0.9964738788784158,0.17341164996198696
NationalAnthem,-12.664992379018635,-8.719254796906279,-1.8630496051536576,-1.6908556698313006,-0.44892685407553384,1.5112821902742297,4.93351550741149,-1.3797027095817949,-3.3591996323976963,1.2134519544981603,-0.6476093400631505,-0.4341933099457562,1.5668171894736764,2.9480821168593057,-1.331620230108144,-0.02954219963263138,0.2919862382074264,1.4602898380096947,-1.0638401427957767,-0.649510737433895,-1.9136302666994212,-1.1822744592502503,0.33588751995000693,-0.15034409637475532,0.6653190904389703,0.70155117597148,-0.9079646886625252,-0.3876405139035645
NationalAnthem,-28.316935154323616,-7.968347451952742,-3.923777145116759,19.36810248630051,1.6312261487347286,-6.224864701377235,1.2934076337591829,0.08956352137096399,0.42379106322342286,-3.758511277863838,-0.5113991202456514,-0.08292119061490147,-0.7714531759323346,0.015187280565805249,-0.19300634734119482,0.7195383243318124,-0.4899610720112703,0.2642361273491722,-0.961610346780452,-0.94517974171536,-0.3259844038541166,0.6847330239533456,-0.18126127180746712,-0.08614014937679661,-0.10904233624437987,-0.43539548284071505,0.45704110330516784,-0.021067656179026693
AshaBhosle,7.839519079493964,-3.837555505297172,-5.618521006314474,1.6168495763719228,0.9863966566082504,0.9194124795199482,-0.5732752766725705,-0.1976446029435084,0.4495918905420559,1.485558408561485,0.3424462255924745,-1.6309903044309941,1.438858741296034,0.017746990973334688,1.6708581683311747,1.3677319639799599,0.25810110881347686,-0.21929669299508942,-0.4389411116622074,-0.20428718236263643,1.2352531022140212,0.359211026997777,-1.5090635850341407,0.44364316683789595,0.6458598201025911,-0.1010536417736996,0.07117345815695805,-0.4769231449448335
MichaelJackson,-2.231976029294944,4.303728930009285,3.7822435818767364,1.3005158721411167,-0.7064742838175776,1.7934204728898044,-3.1305225328735276,0.5465908166231421,0.5503852681234899,-1.0924475110705378,-0.5798476476991158,-0.15244414504479784,0.6210028289335937,1.2974801095999697,0.25279341428650953,0.6245131655865446,0.0657033340647484,1.6641872396972235,-0.6921597393524915,0.23634073660681923,1.1520470720388545,-1.2813979358283654,-1.2996462345696196,-0.09454778205981174,0.5881881784231109,-0.20512510987787771,-0.2909302896710383,0.4640014224152451
MichaelJackson,1.885988921174004,4.221164890980409,2.3478969610371023,1.1194027363021484,-1.4348462443864867,-1.1934209044194872,-1.179077249044288,0.051871064894969135,-0.09044454479335234,1.3479029857975366,0.15735472161712025,0.23788380101497134,1.706638175333872,1.1874874365037598,-1.1229147335166147,0.6648552579771269,-0.9907583143935252,0.1664056926522416,-0.5271960565967853,0.1414012489905426,0.40764597698038085,1.7941117903057386,-0.4009862500005623,1.65558562703139,-0.1561308082588633,0.5316421650820151,0.20508590826182696,2.314243763320866
KishoreKumar,1.1801462200145676,1.814231413449728,-0.4224935414453687,-0.2590717533186415,0.400516868770607,0.03767320288563599,-0.39177856643462977,-2.013964179614718,1.833942550100894,-1.1856080400084736,1.6909196865485776,-0.6425639298205204,1.6336999655177205,-0.08095220326813458,0.7840873802154856,-0.8313987873385608,1.0269463546910305,0.67611662149284,-0.1845715774920534,-0.3104317464451131,-0.30928305204396445,-0.23848015189178995,0.31163231065218916,0.1818494775984514,0.45449887367128416,-0.3976756359736444,-0.2831083713976808,0.8656414502838022
KishoreKumar,5.4540638057244335,2.5207739052589337,0.27649727597356666,0.36332520019168885,1.959920035798092,-2.4272818784230488,0.07970233076348872,-0.0783531788043586,2.0621593146209682,0.5904420255996776,-1.3719625456906246,-2.508263404597322,0.1994807061774712,0.1279532753519147,0.1392766163803158,0.8691165931472188,-0.3363643988556803,-0.6179917619541545,0.6344741958663441,0.6628237457554984,0.38037559854214625,-0.8079940895580386,-0.3543381890174257,-2.4856722635968023,0.4207251718479792,-0.9866181965879068,-0.5032441505219919,-0.0762902897577941
KishoreKumar,0.98424847657033,-0.03466913259704902,-0.5846464695563325,-0.6797560386470531,0.8340719136176964,-0.025000801281964836,0.523384881675363,-1.2556596768983352,1.3566573246356528,-1.2721991113064677,0.38632686145931056,0.7324638661604307,1.0067646072320229,-0.05928018808712273,-0.18405095845441422,0.37410413694834815,-0.7637365787415413,0.18466335621279498,0.3642525812099636,0.7345011862185403,0.013774245091994037,-0.3582928887975338,-0.37715931859734075,0.06599381261772946,0.3506541166443762,-1.0555083443274462,-0.18080806117456338,0.9637331177658486
MichaelJackson,-3.1045461840083672,1.4564631451683416,-0.2924910818304986,-2.1483024551598553,-0.6593826376739362,-4.238024453505358,-0.48266630140256483,-0.8974345222690243,0.42074280238435663,2.785049125966706,0.08138146962170947,1.8637815318971405,0.22854398643671456,0.06665140645684349,-0.25471058423135257,-1.6709322015651928,0.01682032819907786,-0.40587138219422203,1.2339969192059905,-2.5473701692912654,0.5796575220721901,-0.19869620570103194,-0.30478093307005033,-0.32104160999688974,0.7856347613682033,0.22910262296533565,0.45960436939349986,0.4043183357823624
KishoreKumar,2.625249400332583,-1.0253980670460412,0.22833207809972736,-0.7594155140737435,2.0734139896888775,1.5151246210352614,-0.3634229159835285,-2.8828712995558923,1.3832533396744637,-0.7494313762908341,0.47038245076663937,1.5568344236447995,0.2550503096135298,-0.8524758281959263,-1.183828024479084,0.5266333045368764,1.4105713674488651,1.4664220248258228,-0.23979555665359376,-0.44867938712510297,-1.0334956465801868,0.10514535207328046,-0.3480168098184059,-0.013234733277302756,-1.5482816369029564,0.003074804425615569,-0.14592881446731046,-1.194151502971059
KishoreKumar,-7.425906796951597,3.4131263121846684,-0.8457314729093288,1.6059219973831598,1.5263805420694299,2.770423968035384,-1.7120795977474412,-2.177026076717586,-0.7807651112798014,-1.2410450844959882,1.9274747812354045,-0.7395058169884846,0.8857607862354047,1.8506682409620616,0.6185509800224526,-0.6835187857770242,-0.5149187830504106,-1.208536304943018,0.5520316081749219,0.9599708892616253,-1.6310862730764761,-0.3142747551990138,-0.6755871796715359,-0.44182092574980175,0.30190498200267535,-0.21233561944808454,0.0758487514733066,1.0641343692300904
MichaelJackson,0.9756299831578981,0.7504006568361181,0.04370702860212059,-2.154293045936425,0.8120806981335923,-0.0534044223701278,1.8530342360814018,0.10299559436298102,2.332553198747953,-1.9039262238267052,1.2207056174363542,-1.257350677410616,0.2581502766749395,-0.42728221194653593,0.17230626657054923,0.4537065932637252,-0.8951600560914521,-0.5348998710447799,1.2218277581612766,-0.7062253093686901,1.158145953596802,0.5014819354414045,-1.299295707157686,0.917258688106027,-0.02926164647238597,0.1929454909089761,0.493425829012036,-0.20458096913229254
AshaBhosle,-0.6473426912195162,2.684408290727471,-0.9445260878485534,-0.3067141964679306,-1.2502585389093896,1.0555185532610414,-0.704911669757671,0.9510674036557387,1.3433880931137874,-1.8554123871175905,0.9108091982680117,0.18299120099142588,-0.5937311592022048,0.9029529007298948,0.23311918113909036,-0.6390077475493523,-0.7977459892953798,-1.166679791959332,-0.3152741456871906,0.13130661634852495,-0.404285351679901,-1.9301100496364563,-0.05359878404117192,0.4271862525828454,-0.6158175630772583,0.9702047437924026,0.5980776017012946,-0.5267511722741596
BhavGeet,-0.6350191913045368,-5.0293886953901,-2.701806518227413,-0.6016047928147088,-0.7850318366074056,0.7105426981558098,-1.3991808800461714,1.1039434193604782,-0.046214122626641395,1.1880535629776818,-0.5816169234710236,-1.1108159841191134,-0.24118295780177815,-0.0385568939017307,0.18520926458500875,-0.46332738452194,1.8585876560795425,0.9400693206687064,1.120820503749892,-0.9355228759499162,0.2268291592310713,-0.5973779797038601,0.980849216130885,-0.41466314949932426,0.06359773334208392,0.17182888478423536,0.04425373934603941,0.04838483129493071
NationalAnthem,-4.613523733555841,-1.433826938834252,-1.2573597022163523,-2.5355463302620773,-0.3247182713591331,1.7789402871397006,1.6098251884412331,-0.914656447247657,-0.5293083470226374,-1.5605012108080747,-1.5399874308704364,0.03332078332612438,0.601862727499815,0.25063278050323895,-0.8820641835460108,2.6960465197164796,1.2724650774299033,0.6206978981607704,-1.6312064044007395,0.1758795893379636,-1.6513150231674993,2.0087265257977647,0.7679884454537832,0.04196219147486295,-1.1360477385465473,-0.41025707177947,-0.682563944499276,-0.7245752419632019
NationalAnthem,-6.626678261657642,5.959142712107558,-0.15446636648712805,0.704459135072659,0.012399581332838581,1.6830360646261304,-1.1261228824039864,0.2793790550852203,-3.9388858274675203,0.6823392310612161,-0.87479747524168,-0.30987210503108475,0.0755669583370864,-0.5167869261752663,-1.292768387768476,2.03952619803217,0.5821438898756487,1.2311956929704844,-0.4061530224810724,-0.5551011544929173,0.8649531079563872,0.41682542144372425,0.6614131034071095,0.8488602388869348,0.3599147395885148,0.23938803094369793,-0.8778825624197022,0.20666480780613736
AshaBhosle,0.08553918701797691,0.4194808138330464,0.19095570409067394,-0.6641644642926293,-1.177087447515716,-2.4248361267134886,-2.855229347516188,-1.7266349978084279,-1.6481576116462875,1.7957248838704223,1.1384195899553429,-1.7071652171644003,2.2452882240734287,0.4892632459869398,1.4261263008581566,-1.7429019890398476,-0.6225306844908594,1.3374491831084925,-1.9785742769874468,-2.0233377094309697,0.2185920178351177,-1.264163211847662,1.5147514595867608,0.7912137746329262,-2.0775455309098323,0.378570920719873,-0.34457863445402814,-1.0059215805044852
AshaBhosle,0.8195118599601579,-1.96140370020295,-0.21617646291350645,-2.1481968903315662,-2.252802581117156,-0.052850999362507166,0.43827719019017247,0.7645127946000398,0.18196946762949853,-3.494141853751572,2.2218444557388897,0.8476846030643809,-1.4458245210243998,0.03958629180297168,-1.492953107954737,0.9626617639723885,-1.1756648198417157,-0.3224303847102292,0.012605275993430289,-0.9527131442297172,1.251422632928886,1.0253852024530483,-1.2213798617437521,0.7959970198927477,-0.049327793602770606,1.836317652361278,1.162316155829043,0.9451635210285507
MichaelJackson,0.44192869301937254,-6.2951051514594845,3.2548329309357147,0.48077933831724984,-4.407523406516879,1.4645319305089002,-1.3769933541588903,1.1501335190976165,2.2143272306563997,-1.3066645524345695,-2.5823822382677033,0.399067068088909,0.09574404106145304,1.811719693718166,-0.012044372435081394,-0.6113132381379139,0.6010328821516697,-0.035589203466894856,0.28358545796266527,-1.2477698570894582,0.731002192697663,-1.2218384665428497,1.5390411148175323,0.08844490575341378,0.30434914837324933,-0.7379615394700666,0.13650529433409778,0.23082857328189302
BhavGeet,-3.8299072685262794,-3.6712089691369894,-0.44896646873854784,2.383387707160081,0.8311164574133107,5.90792178863076,-4.037688542526579,1.9765956663914754,2.9347056019962223,4.561736326494173,-2.9880113851290617,1.6323836838413304,-0.9834038006605421,1.9122882840808355,-0.8269843029638845,2.9750539298665224,-1.9623586069944672,-1.280472061398427,-0.0701202551100073,0.01740208673652032,1.0228495554699715,-0.6954424787589664,0.10774367616716153,-0.19255545656924986,-1.3138520609506383,0.5470551479828634,0.5437083626426419,-1.531434209230621
AshaBhosle,-7.8898546830681795,-0.32474349028748273,-1.0238108519080769,-3.4639294515418273,-1.5134596752977951,-3.148662329126395,-4.522978274647631,-2.9381263936949464,-0.1651402949183072,-0.5699220572696126,-1.986703303743985,-0.34233074364693356,-1.264766441040712,-1.8642770479020496,0.04417862435428055,0.8506530271460394,-0.8961576116324774,0.858150194992041,0.8457762563946846,0.1305995441533922,1.1225327755714958,-0.35507417617845216,0.26089044766169717,0.5847915879748544,0.9820030168350058,-0.6375676907590095,-0.5598866332799193,-1.266954938167991
BhavGeet,6.476622033212366,-1.1569936293898113,-4.337742809631203,1.6554329407192598,-1.9373771327909166,1.4099229014050418,0.5731236672526966,1.3081977557880389,2.024481866143572,-0.3277803595443504,0.20452660078914253,-1.467208485253657,2.8150191368102173,-1.3763144560551257,-3.089203373157801,-0.6066728831842627,-3.9174279713639892,1.608079131350366,0.8774541876114116,0.5813367182428807,0.9573212564780733,-0.9687496223070281,1.2321819145550876,1.8637796889768437,2.0631632247744425,0.3904922211341326,-0.7006034743251354,-0.5998253683581427
MichaelJackson,-2.2133345395944373,5.836601526185568,-0.09236435017632219,0.09516253740958062,-0.6225940574598937,0.9391151990935397,0.45872064587102324,1.3122921456616656,1.518087938838096,-0.7669545074376812,-0.2402845546569597,1.9790540350125752,0.061807970831175854,0.2809833417224,0.1451375019247045,-0.06546848550521209,1.897045352835353,-1.198317437058011,-0.1841989525990547,-0.6652744820937679,-0.8181826070229989,0.9903990854763959,1.3191470047446556,0.878375259064296,0.7263467740885207,-1.0564432351997481,0.08864980149596875,-0.6680444399695437
NationalAnthem,-4.721072324868048,4.034737160557527,-0.540468888742657,-1.0468118008369651,-0.6793733556582376,0.1948922476215964,1.6767741300563757,2.1044758417481795,-0.1857425744456177,-1.634244804925014,2.6660026710204963,-0.0916689595291802,-0.7369262353485931,1.2123176332349082,1.740863751297698,-0.3933601671987496,-0.031601482416800754,0.33242540507408985,-0.1656109277747697,-0.8134981955565639,-0.9629485947427678,-1.7837874817264372,-0.08165383617324067,-0.8895707663176557,-0.3193892761333787,0.20552095078465638,0.6083788637373955,0.6327543739087597
NationalAnthem,-4.365534844327934,4.224933354422518,0.8132538940685611,0.1316281799043714,0.6825329847842019,-1.9606880475482167,0.6035522411908523,-0.35446386627705084,0.9662310806807883,2.1075113601538114,-0.5191776876237714,-0.7139772759981261,-0.7258857404285696,1.6909980464131404,-0.5671293802977802,0.6798483459723531,0.5839939598415913,-0.7650725004602628,-0.122832307681219,-0.4010921435056024,-0.12686540620435655,-0.8963378964224568,0.6343492819339098,-0.06722139274229365,1.2939148504999156,-0.6858031267567306,1.2702319616216662,0.31363614492308467
NationalAnthem,-10.32748883860372,1.8062349043089356,1.8695432452666745,0.5737265882855294,-3.0302257914961204,-2.9462332669723503,-1.3761397784734293,-0.6940297900561778,-1.9509397287017385,2.7893381684299445,-0.8880337174696898,1.7611209019667988,-0.6426224479021645,0.3021584727121868,3.6850124058670493,0.4426600281196513,-0.5017921190382655,3.931803092240984,4.33279274246926,1.1951255981816058,0.9515778456706249,1.0230107026667146,-0.12711333426665997,-0.6165864807513882,-0.8854809118051968,0.1629741403209446,-0.6076066223984933,0.6276808450683525
NationalAnthem,13.855899584936054,4.706722497695173,3.023606011573098,2.8995699704960605,2.7801523126345855,-2.2159847132546355,0.21080131418357137,0.10482671283673019,-2.778711982771302,1.7156176410693769,0.9251332314798703,1.552979893126048,-0.7036396465189517,-0.7677866446970785,-0.18915423537824055,0.3864440424491067,-0.08220840770935776,-0.393891796188061,-2.3682698904455224,-0.9907795151869598,1.144418105543206,-0.18409643432547473,-0.45112525457493224,0.6302983642232788,-1.0720763383934968,0.9885330555386519,-0.4416508966181033,-0.6754088470876868
KishoreKumar,0.5840666765452683,-6.344011552001213,4.7359454183530385,0.0451605956753655,2.968089306196055,2.4457548601241488,-0.9212556676193305,2.272733040033622,-3.4671821210680074,-1.0252240677702122,-0.4768720714923908,0.19292815314207604,-1.140318583481206,-2.7707899151124056,-0.6103317165373638,1.0357146934754642,-0.6079639988350292,-1.3947213824632019,1.479596162342302,-0.047943465886933996,0.8301367054834401,0.1078051448449407,-0.37983784647501107,-0.5889910966569157,0.32755791307813703,-1.110612337059423,-0.509033626796936,0.8895296370568933
NationalAnthem,12.734067742478418,-1.5933044268304113,2.88181452381741,1.5475709443905659,-2.9233483970078757,-0.11165123987624692,0.8505350583577662,0.9916601982835687,0.3778599536467252,-1.9796475229609314,-3.833468233140452,-0.5946312305493126,-0.2666847484078697,0.3019071150592872,1.4931501675176668,1.0513512600052515,-0.982083183240532,0.12366942614538672,-0.41188408079581135,-0.9013194147528502,-1.2716543609058284,-0.6750564595231617,-0.14706389859695335,-2.512017552347521,0.8409865230576014,0.6777429032457458,-1.1561899323207137,0.555605971644924
KishoreKumar,-1.9945410098033192,2.2903475350037312,0.42198283866233627,-0.03032943767467452,2.2253501430890648,1.1170410096384926,2.4733317645434956,-0.7023922930495922,0.9135023231311706,0.07113140237939017,0.12079630560337963,0.10223237126494991,-0.584190649714133,-0.5029770439049788,0.5467968215197777,-0.3510577828523199,-1.0709701424353892,-0.09524940238631042,2.027359559666865,-0.5735062316365892,-0.4212666115805407,0.5055502126111028,-0.8720351246617579,0.9406891428836701,-1.4525384387115476,0.11211218877296461,-1.2292787902954052,-0.504805646817136
KishoreKumar,7.807390232811178,-0.8609604145462126,3.664693245400434,1.3109381745870936,0.7153632241556122,1.4448721106292983,1.9081695247455384,-1.027770568248845,0.06132549918892606,0.2463799786475039,-1.6870071310845527,0.24660403866221928,-0.7334767672042136,0.9561314229913193,0.29097344925174473,-0.47812728098332685,0.16998717265758945,-0.06977263720162565,-0.19086944502402958,-1.7780206004709966,-0.41471197448310093,0.03248610971507965,0.19118092610041237,0.1426693115753518,0.4822735407044325,0.9486306503804952,0.8758368916476962,-0.2653728411801704
Lavani,6.243605314489865,2.2098087827566117,-1.048583491227537,-0.2488061530193663,0.8469588371830858,-2.330579989343525,-1.4931285992349985,2.4954973937432285,0.5219654581246586,-1.8910406566180415,1.1061995651730527,-0.14412859612912418,-1.2627401506967117,1.2736521148980753,-2.442704652743101,-1.6498692297646558,-0.31363646783060267,0.095603473514668,0.7454060034352915,1.848400691769656,1.1944500213478437,0.8330286278371715,0.2924066820154171,-1.154660013300499,-0.6062656183409257,-0.33234532631864505,-0.5083732623898165,-0.7966944390351786
MichaelJackson,-5.990611975274,-1.4157028200923234,0.735704926005853,-1.1973320604596152,-0.12940881292082523,3.9353809886887183,-1.7270086596949765,-2.5321301092668325,0.5821817997403692,-2.0225170154037584,0.4242337694830938,0.6133114617752736,0.21235073621366765,-0.5315961622877566,-0.09752429396576665,0.7106694932748923,-0.5413051061488895,1.6608512467095173,0.3691389380564965,-0.8406486137867147,1.11523488619253,0.6039478288504699,0.2425937830424732,-0.9124101962729086,0.2509311269649082,0.013305919175289884,-0.14509576219268508,-0.21020807045494322
AshaBhosle,-5.342859714025262,4.405385178953691,-1.5327527511479384,-1.0565538269805814,1.3373431588140459,0.044386632155174056,0.8494660281814361,0.16241133067312175,-0.9482397340959934,-1.174775316862356,-0.30153425138774326,-1.615160022803869,0.3856774310021377,-0.19090510666829502,0.7136024585634282,-0.40351159587958324,-0.4678552784120061,-1.4582801064122473,1.8060311583137123,0.10599164397169412,-0.4535022876045162,-0.46375442505735615,0.9985198470374306,0.30232683384287773,-0.7351461898242219,0.5052200052391713,-0.22991395933942813,0.9543106022757246
BhavGeet,-1.2887829446934453,-0.4273038227648576,-2.8121816514920708,-0.9132737956500958,0.6249196347493565,1.9802630640793755,-1.5812741847438554,0.025633458601208532,-1.2790880147710693,0.4331749797836,-0.20919057324151724,-2.7899057742033935,-0.3221093180127286,0.1433063841267161,0.7147540574667324,-0.8202430472788628,0.20740640524102658,1.044414305249831,-1.185691706043922,0.39046765854473814,0.5931423460226131,0.13285621009505344,-0.5045932834647604,-0.9887781741054481,-0.13863819985428127,-1.065407399027208,0.5773027056994502,-0.9157138069290656
NationalAnthem,-6.987467302240202,-6.307400493602299,-1.3736747404461138,-2.954032627896193,1.0785932199494856,-0.39810037650747226,3.0996821978683196,-1.67054801690342,-2.2544602795497966,0.5545455916454397,-0.27129940360243954,1.4606850508900708,3.590546113138777,-0.8907069661649146,-0.3562283146506698,-2.048573567137127,-4.758588609599949,-1.7977053749261833,-0.6118797664445946,2.0283090038207092,-0.21289651432161416,1.2211683061213696,-0.5454713038301998,-0.7264905368235174,-0.582566040490535,-0.6566448728688226,2.057795883140123,0.08153373593819813
NationalAnthem,-1.3636381308882386,1.234392211245411,3.4559181334407545,0.5531243153075123,-3.204471596197319,1.0982576876449412,1.9374325016261174,-0.6751985686298471,0.31353329757096987,0.8387602807544954,2.8607862935141175,-0.49752243213064457,3.2196406214064046,-0.5815969101701942,0.4236769451443709,-0.9243187249249075,0.2110550557683654,-1.332750959843825,-1.8959357093667086,-0.4395631120543788,0.7675144539503485,0.6611128007337307,0.2480317360729644,-2.630794218011079,1.467145987232356,-0.7500698123547191,-0.37449252754047946,0.037365380786303075
MichaelJackson,-2.157606624107391,-0.9320882350431302,0.8355069184246166,-2.8895439185709075,2.125209051731553,-3.82356996676119,-0.6990727325858417,-1.3621418350820347,1.5939772243102124,1.0974157925785322,0.0020330904800747547,0.8294502345402962,-0.895775155900365,-0.038040861565807424,1.6902155081778512,-1.9633231917366878,0.5526134554986717,0.8803248495888117,-0.6466031779843019,-0.4448085477233771,-1.3469209678118292,-0.9837868595204202,-2.189242509394196,0.41491800252428324,-0.9279613959028825,-0.4449212564913279,0.6103272206161067,-0.1233793439104356
KishoreKumar,1.188266381632578,4.337336274736167,0.31197629371609414,1.1186044671326443,1.6821391768079572,0.5391334394435243,-2.768902221009689,1.5656844240215724,0.04269563839289539,1.5236196004639215,-0.6344298804208105,-2.8958386285108237,0.34679980837835156,-0.1441767164361261,-3.458011459061532,1.0850995700285548,-0.5665205370172822,0.8943780150511008,-0.9278441687207727,0.6856081892414668,0.5165533495052378,-0.2551085427399298,-1.025800439024439,-1.596291952742006,-1.0722430225314785,-0.9781942409083234,0.5792183813732108,1.006545991190983
KishoreKumar,6.122072739848543,1.7436424931344698,0.5825287714493953,-0.07954756567322184,1.375434663009137,-1.6336815402614715,2.0919419382791458,-2.0399127077781736,0.3900623214735424,-0.30785608922039137,2.043561360467089,-0.9854988744258544,0.8202816963212226,0.5565817766468587,0.24098101008289796,0.8396459322753062,0.15314830128163762,-0.8350668431726005,0.8015036265818236,-2.1932179279632216,-0.20473059111987132,0.40469748978206166,-0.6357601112224699,-0.3071286229355714,0.20417313417146526,-0.27718270164790465,-0.9600030944773603,-1.1846437877737317
BhavGeet,-7.723688217253925,-4.108507361673134,-2.9317879629263595,-1.2269149070587058,2.6769337860914346,-0.8238032750722759,-1.5142029778449793,4.655473540406279,4.519271460781495,1.4126112230441932,-0.7970380482613828,1.5968479778464342,1.415701987915235,-0.044680540132291315,1.5270203884513098,-0.5789485753804242,1.280595649234825,-0.9418186459817337,-1.209856130490606,-1.0009471616688121,0.960093669121622,0.0937909768402102,-1.3851413920889828,1.486517377214498,0.20302351402823776,1.2936620318761556,0.23191172065523924,0.07316158107625391
AshaBhosle,-5.631606567980883,3.971510202214471,-1.5862936984762157,-1.0209742348551187,-2.4055346427011113,0.9437758834345158,3.491283971516197,0.9848147382494754,-1.7487926404879552,0.6240988956744413,0.32026663054610544,-1.041408025439242,-0.8289508767263476,-0.103428794711506,1.798566760029255,1.106363426583387,1.2366644193263285,-0.3359537590697357,0.5343424392044285,-0.489072171297256,0.4464811298441197,0.3812461987502634,-1.8301258625556083,-0.7854729007463702,-0.7500905841276155,-1.5762530165372788,1.652749891523317,-1.3230752233271492
NationalAnthem,16.95532123535594,-0.1256059536067643,-5.483251256294467,3.138155723322727,-2.3149404652028895,-2.669988388463416,0.688147692277858,-0.3280378032210202,-1.774521594381801,0.7490983338728366,2.842474643816661,0.28814471000964104,0.549632459899931,0.6557689702825685,-0.5655674317898869,1.798453918827187,0.4003731048571897,-0.5495374689009264,1.7947227545147992,0.38059669220609593,0.06808086870573826,-0.343457989127782,0.6766150061898603,1.2323489018379217,0.2300598466034387,-1.3033109158763025,0.5107053557323824,0.16704263872105143
Lavani,7.285461939636932,2.7489782867335406,-2.8835900299592754,-0.09110412463814652,0.3090223254758897,-0.5062440466237599,0.7125698151200182,2.4525346319010692,-3.411166241108266,-1.659318548355013,-0.9656307370566101,0.41161006666536315,0.599874600091738,2.5409144458223945,-0.7394600149165104,-0.7290002141690447,1.8459424184606685,-0.714696006852197,1.037826863080157,-0.4408027119606983,1.5276090510751714,-0.21043092467016855,-0.2539672171405628,0.36764753673427664,-0.5659664034593813,1.0911815177233217,-0.03260357435907779,1.0886122685187536
MichaelJackson,6.817039806520816,-3.2178478114443934,2.547053621485328,-0.1445704965973323,-1.2809245196463976,-0.10798768768566122,2.2073873885521196,0.5318795968418365,0.5286306041772398,-1.0715922501119177,-1.2273988526180863,0.18101215761582526,-0.8686784325123793,0.127384717147277,0.24772878459347025,0.32806466971011616,0.4255120140136975,-0.22882261637577625,0.535027652565529,0.021583916390479525,-0.3814498454884372,0.4432008242064605,-0.723466083215552,0.47339975410212215,0.36051592966859225,0.7847942399337855,-0.5940902848717483,-0.40946951215428246
AshaBhosle,1.9266185381162617,1.961404397367403,-1.2651846419823811,-0.8454472490615652,1.1713197983228103,0.43181896135042536,-0.5161125724247054,1.5625212118320584,0.4337820600824871,-2.684482187543167,0.603710710411832,0.8126001592482994,-2.9949748562651095,1.0023740795142386,0.44051060689241445,-1.0779305414379599,0.5014445393391382,1.2850523865426071,0.6680205025264797,2.416656967132545,0.16939864665457247,0.6265924912463201,1.116558174350771,1.00625068798955,-0.09338231274141631,0.22795257754403414,0.3985316949043219,-1.933200252734018
NationalAnthem,-11.413948978481917,4.418681977364563,-1.138420899408234,0.3554459939637323,0.5065465332019998,1.6924341728451386,1.2660970831929175,-0.3816212580591443,-0.07082895658502401,0.9599650633665782,0.2739883873766529,-0.7182121174199922,-0.8617241559865815,1.522029219846386,-2.2060115469931154,-2.0748827157335836,1.1917286210135398,-1.6708790461202456,-0.47565488263316064,-0.6844366741177225,0.5094278724521074,-0.5804351907236291,1.432201750693908,-0.1395636178098349,-1.0070516434979033,1.4614235244959106,-0.703330996689612,0.11616407238822798
BhavGeet,2.5084684367199337,3.8164795004546432,1.152049138764735,5.296244137372846,-6.689083728962833,3.2782639088885857,-0.5818722686387011,-1.1442609441511369,-0.73385293398992,2.660760747817885,-0.7050962741245442,0.27771101611654525,-2.381155074709139,1.4529528267450316,-1.0329521739014182,-1.3350362844870844,-0.6169466670643351,-0.4692936182748205,1.3912500134974728,1.016549059797599,-2.9287042001231067,-0.08514573417280095,-2.275583063394926,0.2443526133242936,0.23849929289329366,0.14608559890710676,-0.4122266032790605,-1.7594712996253357
NationalAnthem,0.80154026881535,-2.8383405653005505,5.539632055845753,0.9683958706058601,3.358948682514979,0.3268288108373336,3.6798205199315093,-1.0099980506080457,1.1220803301735158,1.5810583180045985,-0.24139950750927658,-1.081891680502604,-1.3630312807338483,-0.2683879267923523,1.321345798520902,0.6855666367886919,1.1702170587523428,-0.6296050200877669,-1.7737857205801975,3.011220880033744,0.6240536631607965,0.012374909065948868,1.0450924800379802,0.6835806572249674,-1.289231130930115,1.1553848989864595,-0.5619598734360008,0.6930862785929601
KishoreKumar,3.423523727068008,0.4296177742257036,5.0241845500132625,0.8266389161701573,0.8105247347053932,-0.02702627648254946,-1.1341813248239612,0.02122753269453643,-2.1516647936635445,1.5079173981665663,1.3661318274715568,0.6744972609809413,-0.6752065164196311,-0.005924565994060978,0.32719930189564983,-1.0924940168621298,-1.2835533683431175,0.43433693256776174,-1.1319591100312465,-0.2187728610801017,-0.4216872619766537,-0.7484976044973052,-0.1922754424098118,1.3097050336235496,0.43709023805353153,-0.9554998370389429,0.7043510669405212,1.0476153541410067
NationalAnthem,12.320338301744462,0.18651533148329655,5.116653778574402,0.7803357234889327,1.2312017488205629,-1.6859856562253015,0.41464160501420005,-3.660091393510395,-1.8185074394176786,-1.4031570285318413,-2.260429476462656,0.31026904300766556,-2.4001166757819155,0.1324617764924537,-2.2807878068918104,-0.28268716989324616,-1.4901824210626675,0.6839859021671401,-1.0158095942238976,-1.2609462156430513,1.7018124523137954,0.2786141438229972,0.4590034009858787,-0.030677895524745133,-0.31731394819526554,-1.1207741752924316,0.2854432850041259,0.6919016802922652
BhavGeet,-2.621809472562827,4.32694872881201,-4.265958078336859,0.5369723547103189,0.08069827744874224,1.3704243154738103,2.5385409681500204,1.5453185716997044,-1.0326072314252068,0.9779141847633931,0.022129449739647047,1.7472618719458388,-1.9810625872312626,-2.9689181494953885,1.8234079415561277,-1.8352876376368474,-1.497370843786401,1.5594808601394996,-0.8868107821102339,-0.07115969210704647,0.4786092692505937,1.0769594445409747,0.8779330291524623,-0.7871627911986764,1.0149536848959364,0.8365170663690183,-1.1860520304678348,-0.7454740303301715
KishoreKumar,6.6101820271750595,-0.8509570995790559,2.748969484599882,-0.27414846976427293,2.031635357386596,-0.01885472825840743,1.0243581109155746,0.4739235140771134,-0.20938865205976423,-2.014530180303219,-1.9397846689775429,-0.08908052932573646,0.01509596177472407,-0.291158265190632,0.4811289925795867,0.10258084998004897,0.4300385967448105,1.0236781170922675,-0.012161825431986241,-0.8290220062745176,0.3729807328096289,0.045621531617556874,0.03811426180627591,0.9439587334735817,0.32732580223847335,0.6312757043108869,-0.04097444209757091,-0.05594812627956288
AshaBhosle,0.7718590174320762,-2.944248730429095,-0.8025516609755136,-2.0041684491859586,0.9344043886352698,-0.30850058792372337,1.5404745412003726,-0.5956453242957553,0.600370092287651,-0.39881370425071266,-0.7130072350999073,0.6900853576162687,0.9897782013968486,-0.3826846058171176,-0.7410810907999816,1.8096927510503122,-1.3230939593713753,0.005322906462596904,0.60199506991624,0.01849716827920205,-1.603881999546921,-2.904258287072185,0.7130088767130297,1.0469457273682785,0.5062288715344484,-0.6816567577295386,0.3705847825599292,0.7044267033420132
NationalAnthem,1.7151281912322696,2.3405321011315987,0.0009061823668109421,0.5063674522751876,-2.7825217048049127,0.7464646113602917,3.0674854449522515,-0.8676700348486901,0.5960000072122268,0.12970316117589203,0.4378317769277298,0.42131972121324285,0.7533475016741091,-1.839809471398865,-2.573730068278834,-1.155100706265279,-0.9300814309260259,-0.013017676199264402,-0.8644237944456942,0.15117972973603738,0.6355726115615196,-1.1103648326417215,-0.21644386924918543,-0.657484965643178,-0.044496925804732315,0.8587124869512172,-0.6482190531258071,-0.1448570386261248
NationalAnthem,0.032854265779497266,-4.310692530334934,4.909903219203525,0.48326534673035293,-3.306779524396,2.0135163510558054,0.05348932680848635,0.6763082817475029,0.4391363221283521,0.09997772337608622,-0.21285089285577466,-0.8623129015790604,-1.18781672610113,-0.6691297234216907,0.3086663049213536,-1.5182426001064206,0.1319336966278482,-0.14381107467545395,0.03395266010436947,0.6477747642316706,-0.22057222763846182,0.9606654725441534,0.5461835180526531,0.45947394654011564,-0.4447523593027449,-0.9602450656073884,0.9530336777842678,0.8106610624304044
AshaBhosle,7.586762377547896,-3.2428375330799613,-3.57894359821131,-0.31551595606300153,0.13239982449383667,-1.335535177466975,-0.020262989277635028,-0.38046104646724394,-1.4792048508172737,1.8475915502336107,1.0147024329250611,1.085999562930282,-0.4980794843984856,0.2583239783666289,0.14334134636290866,-1.2464445198618297,0.3147717771204959,-0.8340874343296517,0.12300698730015105,0.9303727595532056,-0.14649517260737385,0.4167801388511081,-0.07709098413496365,-0.018181878981540497,0.1364205285711286,-1.1694284730512923,1.6325486885275258,-0.1745529701002274
NationalAnthem,-3.967450172916904,1.873754713636565,0.21792100490153107,1.7971803558763708,-6.577235049625816,1.1383978033134603,0.17240261779723637,3.1147137758857686,-0.6575989853359114,-0.015147901627680102,1.5492949586533382,0.5328864622896264,-1.0164278412193408,-3.6954045268159694,-0.2609285310007539,-0.6539893881864571,1.7503464624204437,-1.6411989733903976,-1.7343922830937373,0.23705630162306565,1.2802739298255872,-2.1114108184106954,-1.342983655689403,1.9692095301076815,-0.9420831140805305,-1.7274126639514193,-1.5849637153811706,0.5965941769519937
AshaBhosle,-3.0888759187646233,2.163528894196923,-0.7806533832296226,0.054103876199981915,0.4472510099559601,1.5128887457788054,0.39214337865751636,0.1179502333879739,1.2861085633779976,-0.26800227844334473,0.15699196695251777,1.4541767330275008,0.4731735947283227,1.5933263589205224,0.3324001970079827,0.9448332178130869,0.9738788357946695,-2.8019998129116748,0.5561651095286212,-0.4426829665205689,0.04416916278828318,0.15398742537609994,0.3302780160027075,-0.5775347499378944,1.0567271705669563,0.2945851789368147,-0.5129231463423026,-0.22971140597141843
BhavGeet,5.605747499958722,-4.013635566474865,-3.0347522424377766,-0.12246403872251067,0.09010252924285049,1.5325358352845255,-0.4349866113397395,0.7414453067175277,1.7412053851110125,1.2055286773802363,-0.4949507960525246,0.19272413439441968,-0.38158402377901024,0.9596533842483687,2.890924431122271,0.1389901924816872,-1.394801007479708,-0.23494124036399677,-1.1020526308178886,0.15994155368420268,-1.2754312577006224,1.4696737420667667,-0.21078661636841486,-0.6916442430539833,0.43990788405603476,0.39249810651223577,-1.2526618422042812,1.1627854675591147
NationalAnthem,-9.748279876408196,-5.314764982593554,1.2629133643184203,-3.6712278454477034,0.6757121405950465,-3.4215377506997195,-2.4201778265688887,1.1737871740775712,1.693254631093586,1.1343541105041433,-0.747975471813246,2.2622499166617343,-0.8870913657077437,-1.3243012428625534,-1.1568785065964757,-0.6138717576499095,-1.104837567398058,-0.3924359082564388,-0.26541254839410483,-0.501111042486194,-1.5225666941718181,-1.9330164550803735,-0.5942044248070303,-0.6071503552518787,0.1832700862752001,-0.8064106751669764,-1.996557447630119,0.33090779968789175
NationalAnthem,-4.1356208077498176,-7.162792049521017,3.123398348404613,-1.2387947433724895,3.3895346403819677,0.8146306655620271,1.7289643107688644,2.0009703542359696,-0.8250057715534487,-1.203512052270137,2.296505097833477,1.6274249570791521,1.4475910549812105,3.6268289345735143,-0.4450786325187756,-1.0605187271203809,0.29867348286508943,1.9785092968430265,0.23504200867571923,1.351371125755335,1.6610881513308766,-1.7391352700004998,-2.3552177487114747,-1.2396025742811558,-1.0113727418907064,-0.9469467840494262,-2.29054708910294,-0.9177224031160633
BhavGeet,13.602958494557866,-3.019333009593944,-3.6775056796453915,3.4120234829180283,-0.05341360745355401,1.7810389409034402,0.2754113003356102,-2.170727337465438,-0.8233869753962332,1.4661399499995895,-0.27306115635101574,-2.4633773273186557,0.05395299609082803,-0.3472876914714416,1.3899029319514034,0.5501413776063112,0.23864453014877596,-0.06399255250353511,-0.2200717432266025,1.5525539562392034,-0.6467921944733237,0.03776970480608402,-0.38158491625880003,-0.04950144752229513,-0.5201870804632994,1.349717228511419,-0.1990956775652693,0.058243877509459
NationalAnthem,-8.75929269068149,-7.187593123511535,-1.3845246966238534,-4.217105031700128,-1.525854450298902,-1.4142119974078957,1.9593381419866178,-0.8994338623173125,-0.7552596137872947,1.5198836909967022,0.37682162139070013,-1.0641689189248953,-2.369418426261028,-0.48542422427677456,-1.637358758822547,1.2920095768432325,1.8493071188976957,1.0667216981972156,0.10712464864609728,-2.0501927097468355,-0.7560339673026325,1.0991203281596007,-0.11514763393551918,-0.5473304779225241,0.6258698284784018,0.12346130337064544,0.958564739620496,0.4817572335023702
KishoreKumar,-5.535458708891257,5.509691234674357,-0.5505461092772815,-0.1904433809240207,0.7486973112578089,-0.4854620525472674,-1.3569100051729224,0.6494487776710967,-0.8990988216552129,-0.5684130186879884,0.4973714407263537,-0.5646560897669339,1.2335160754480883,-0.3419227108133109,0.13705652042884423,-0.8646708827204472,-0.3282092586071494,0.12497743854781526,-0.16083853424061528,0.036810555551566246,0.008439118445537174,-0.2922020758160848,0.7423045456035186,-1.1497479729552893,-0.019886406697485863,0.5119351134635272,-1.0413841232524261,0.9699694755092468
AshaBhosle,-5.067116113936934,-6.489755099999145,-1.6780009156009548,-3.8515996190110044,-3.466791682336217,-2.120941789675555,0.6844765136886197,1.3116125164949344,1.1324793360723653,1.5170918784609635,1.9985459707947997,-1.337468400888629,-0.5863759287706793,-0.6657805833711906,-0.13874112811717026,2.456937028033557,0.6016502816305637,1.514707579535452,-2.1381086586012286,2.1583772150972518,-1.078750118932426,-1.2772950535596719,-1.1140524861894268,0.7731152480979451,0.4657260127916601,1.9684818163932003,0.610259647417852,1.3087066586454084
AshaBhosle,11.114623978776363,-0.10620945937396817,-5.837785871244888,-0.28686454602997247,1.7967090889083193,-1.4444318197213,-1.6947913456658341,0.7955477082364064,0.15777439197358858,0.8036538596984937,0.45754002323461246,2.885569473317416,-1.8946550118536871,-0.5032310564407749,0.004078777904962739,1.1622000570056195,-0.3494579024086195,-0.9726803537779192,-0.6881255157681402,0.021063991978449544,-0.02580165168839646,0.949271578932936,-0.8531082368546747,-2.1263504797270247,-0.10476133592601139,-0.5289620643037706,-0.5163959673816314,0.20057028773985217
KishoreKumar,2.147765791339301,1.1342589021229712,-0.63189116202761,1.010080161918443,-0.7655258265542736,0.021953117504594014,-2.3072649772807856,-0.897311949898516,1.20767370425391,-1.1155395735172708,0.9188323214319885,-0.6111825728079977,0.6900011094926003,-1.2222481826970195,0.5121248730095533,-0.39209463642619524,0.49471845952225213,2.091738431480717,0.482586210563925,-0.32147990710437696,-0.43089649240738237,-1.1085496700991935,0.27528241417615484,0.27846556432231157,-0.4119528782550701,-0.34159365403031944,0.9801397029740718,0.42549450206440054
AshaBhosle,11.67676038431367,-2.9468627072386386,-5.310529246514765,0.3459512928240471,1.6118334438906556,0.048640325248820525,0.07592494340095042,-1.4005902613683294,-2.1666787650727306,0.20534996189694732,0.6353327203282317,-0.4714843015228315,-0.5042292654186656,2.2146043553737234,0.41942679812035905,0.29332755869377913,1.7606315420099945,0.4252273470474176,0.1937441413057692,0.897558726662371,0.09926339432294062,-1.4205469604230085,0.2630553668480348,0.721786888494288,0.6005929956972472,-1.2113459282494654,0.11009276035195754,0.865356562743726
AshaBhosle,-2.077706173070948,0.08415819508286211,-2.3033847124859856,-1.032534123999179,0.04402097343120113,3.13333313278868,-1.3411391362643779,-3.0308856428746345,-1.082838061207849,-1.4388850041227998,0.35314039127760705,0.32948600816980067,0.1839359857965276,-0.5548258566284161,0.04729668872734699,1.3172501746454843,-1.1312220656680152,-0.4081867009343344,-0.23259608727221326,-0.033862178866356674,-0.7922800465803199,-0.5828211659330899,-0.062293133055404175,0.6501013810646041,-1.5845309064515998,-0.29367880814180003,0.5028813912151432,-0.5176324789107242
AshaBhosle,-4.601386695107696,-1.6202261190767744,-1.3649009567868269,-2.586151609974169,-1.4458616918323437,1.1893856090356127,0.03682892475232199,-1.0851992080482562,-0.31786015942169876,-1.210978890745176,-0.8029274954039023,0.6845374118730594,0.7835056630281587,-1.1526686526712646,-0.8069557612167078,2.2987402013815275,1.0785755225462321,0.3129103959410917,-0.29380322537786596,-0.0197851512849281,1.0980753881372665,1.4815246587942636,0.7155350769540965,-0.4891495418560319,-0.38033627774206874,-0.49164549704567295,-0.05918544541893357,0.493836046083116
NationalAnthem,-9.55517629841421,3.0601402985636024,0.33059950030564367,-0.42455144959481406,-0.41825419655781254,0.36254054193245405,0.20252402684417142,0.12066244589145399,-0.721721517364018,-0.12832621599616673,-0.4627453475735756,-1.1241244301642916,0.7581522469210827,-1.8523947220650683,2.0086305685151657,0.3036920797455942,-0.7063823988019441,-0.8011291033586643,0.15439129119338982,0.5274734840060041,-0.08038426324832161,0.051513122824042,0.5586482121104447,0.20368118157381368,0.11084533636937498,0.5183385489936607,0.2507745793366191,0.41882837045873433
NationalAnthem,13.97593680526083,-2.2374754986775662,3.7623485239430328,3.3921373342740258,-1.8918939673230188,-1.0046683602140267,-0.8477343460615818,-0.7307432640742338,-0.17885353835234113,0.6234979120690912,-0.6035821009508288,0.7478322114863903,0.3887759537283824,-0.15989941671498495,0.26337690488766385,-1.1809935503543154,-0.3966305661502978,-0.22015527896552178,-1.1337319590324604,0.024582597681326084,0.36199958731436493,0.434606015420261,1.0234284706587902,-0.19558778948138542,-0.32275844347510996,0.31279950111245186,-0.7193840547083044,0.4376731112022224
KishoreKumar,-5.563258843184488,3.437250486199016,-1.050103124588971,0.05032665018206583,0.7916191704992536,0.11610039136903115,-0.5510858931935503,-0.9357693752291544,0.25849545576940497,-1.0269482504595904,-0.22246189827023888,-1.8878356446230626,0.962101942481701,-0.8738443349537907,0.8782180601530122,-0.4507231587098658,1.477487554179164,0.7802926704476323,-0.7239242649608929,1.2106432503324114,2.6891713081500748,-0.4241290347616086,0.3258799535578995,-0.4523650756946605,0.9130380338914758,0.8467507935978249,0.7952591716320699,-0.9787294625252385
Lavani,10.596772721246179,-3.6897757338225805,-4.475405889805005,0.23958140433663888,0.9739165771827014,1.5144094942578126,-0.3592373366467152,1.6503356390038246,0.45391888278077563,-0.5593142456102714,0.0222342355969166,0.9038324614957944,0.267522471301709,0.21401896547294355,0.6859979086929407,0.6757038988082646,-0.2224881826598705,-0.3183506475463211,0.07762747176943756,-0.7052412366421802,-0.5109705599693432,0.8269532096875373,0.9357081373034648,-0.0930627023171927,-0.17712513099671637,0.6508318542868425,0.008712720497271379,0.6613749288706018
AshaBhosle,-7.172992470296141,-4.770277465357768,-2.1181150308841303,-4.325523618222245,-0.28708286360742485,-1.864648153158099,-1.93902309996351,-2.0264133765700083,-2.2543545378418672,-0.4861697801369583,-0.4710593699196598,-0.8847880686222507,-3.4999803714821134,1.3317386204525636,0.6250802662232703,-0.8786112266148328,-0.3918635239394804,-1.4785624162520663,0.5442280523249218,-0.5086567269357488,-0.0507787574183208,-0.22388799150617636,1.0393023613427976,0.1196907913055479,0.41171816220420154,0.21028334073861782,-0.8151929318200968,1.4800994266125287
MichaelJackson,0.9512315720895016,2.125388385452401,-0.18044553245810668,-0.41941314621963843,-0.5918653064646755,0.19168793670056103,0.5182811367006632,-0.6427884819375053,1.178365100254903,-0.2649804313477952,0.47763073999541106,1.9348798846432713,-0.5318454961372876,-1.2720551533048279,0.6136444510288338,1.241994485207071,-1.5512067942989725,0.7128936793498587,0.7158197576043116,-0.584139581410416,-0.5412972568836457,-1.8777934939602214,0.5963633438257263,-0.9144397013467677,-0.03841498250968712,0.1117836551418167,1.4216282941501253,-0.8344724054091629
AshaBhosle,-3.076725966919866,4.396584552878283,-1.3804489265279714,-1.5360999413894816,-0.7792205418136747,-0.43377332640518185,3.0550050572160306,1.620243522571942,1.1237613463104805,1.1427440837815814,0.7632874152514919,1.2576126291328558,-2.631042105459655,-3.0474594982797285,0.05572796509243862,-0.06782905053091963,0.38094416939392606,0.860436708124961,-1.9653686333264544,0.35127386648075926,-0.6950977005294396,0.8573314894011326,1.2909181071840519,-0.40055521072301803,0.2616268573114934,-1.4460012815829575,-0.7426536690793344,0.04414331714763643
NationalAnthem,-0.9327474240106698,-2.189276303109223,3.8998987535174674,-0.6235085041303245,0.4929219237664707,3.2172227050306965,1.6959729564210537,-0.12375196115828956,-2.0490983399970744,1.239858158485199,-0.5010320112708311,-0.5960235485703226,-1.0358544800463925,0.47006274675520293,0.8523807028952561,-0.5615526031774594,-1.2404451137740808,0.3163768080051487,-0.8313057961757817,-0.7457595271513519,0.36297974488806745,2.0736779743388105,-1.036817557082346,0.966714875751879,0.5774282576519657,0.53828612585888,0.12554960519478703,0.21613083549216439
MichaelJackson,-1.8109953646157209,0.46606803209603076,1.95206329090518,-2.254096952984055,-2.072505182826828,-2.9229727965707553,1.1239953541919339,-0.846761617220741,2.06366225369333,-0.13992696499013954,1.1931665543680823,-1.8830527503158734,0.648789700756891,0.7710923412024246,-0.7023801303494112,1.288934372205759,-0.6346580134613984,-0.8374246350026088,0.9330464844630929,-0.2404321775844535,-0.13817520431123448,1.1340675595263068,0.06545952850409015,0.6666800997943954,0.22113988385243283,0.20250030415683226,-1.373198879881041,-0.9342572108445638
